{
    "S1": {
        "1": 1.00000001988144,
        "2": 1.0000009778823038,
        "3": 1.0000021285414264,
        "4": 1.0000013163562536
    },
    "S2": {
        "1": 0.999990842216502,
        "2": 0.9999972129461481,
        "3": 1.0000018634737597,
        "4": 0.9999824392374222
    },
    "S3": {
        "1": 1.0000046656388466,
        "2": 0.9999698628391647,
        "3": 0.9999451563873881,
        "4": 1.000002946189797
    }
}