{
    "S1": {
        "1": 4.926672523089482,
        "2": 4.835133855425106,
        "3": 4.828161193840084,
        "4": 4.828633160664432
    },
    "S2": {
        "1": 5.926755872433665,
        "2": 5.886952837796176,
        "3": 5.883639830376609,
        "4": 5.8780635260346985
    },
    "S3": {
        "1": 6.848251616348978,
        "2": 6.799877204058437,
        "3": 6.793710613283554,
        "4": 6.795518625161923
    }
}